{"_timestamp":1.780997570514781e+09,"_runtime":106,"test/acc":94.53,"_step":1,"train/loss":0.27457493349814466,"test/loss":0.19656745311181256,"epoch":2,"train/acc":92.27833333333334,"_wandb":{"runtime":106}}